{"ResultadoPuertos":{"entry":[{"int":1,"Puerto":"Cerrado"},{"int":2,"Puerto":"Cerrado"},{"int":3,"Puerto":"Cerrado"},{"int":4,"Puerto":"Cerrado"},{"int":5,"Puerto":"Cerrado"},{"int":6,"Puerto":"Cerrado"},{"int":7,"Puerto":"Cerrado"},{"int":8,"Puerto":"Cerrado"},{"int":9,"Puerto":"Cerrado"},{"int":10,"Puerto":"Cerrado"},{"int":11,"Puerto":"Cerrado"},{"int":12,"Puerto":"Cerrado"},{"int":13,"Puerto":"Cerrado"},{"int":14,"Puerto":"Cerrado"},{"int":15,"Puerto":"Cerrado"},{"int":16,"Puerto":"Cerrado"},{"int":17,"Puerto":"Cerrado"},{"int":18,"Puerto":"Cerrado"},{"int":19,"Puerto":"Cerrado"},{"int":20,"Puerto":"Cerrado"},{"int":21,"Puerto":"Cerrado"},{"int":22,"Puerto":"Abierto"},{"int":23,"Puerto":"Cerrado"},{"int":24,"Puerto":"Cerrado"},{"int":25,"Puerto":"Cerrado"},{"int":26,"Puerto":"Cerrado"},{"int":27,"Puerto":"Cerrado"},{"int":28,"Puerto":"Cerrado"},{"int":29,"Puerto":"Cerrado"},{"int":30,"Puerto":"Cerrado"},{"int":31,"Puerto":"Cerrado"},{"int":32,"Puerto":"Cerrado"},{"int":33,"Puerto":"Cerrado"},{"int":34,"Puerto":"Cerrado"},{"int":35,"Puerto":"Cerrado"},{"int":36,"Puerto":"Cerrado"},{"int":37,"Puerto":"Cerrado"},{"int":38,"Puerto":"Cerrado"},{"int":39,"Puerto":"Cerrado"},{"int":40,"Puerto":"Cerrado"},{"int":41,"Puerto":"Cerrado"},{"int":42,"Puerto":"Cerrado"},{"int":43,"Puerto":"Cerrado"},{"int":44,"Puerto":"Cerrado"},{"int":45,"Puerto":"Cerrado"},{"int":46,"Puerto":"Cerrado"},{"int":47,"Puerto":"Cerrado"},{"int":48,"Puerto":"Cerrado"},{"int":49,"Puerto":"Cerrado"},{"int":50,"Puerto":"Cerrado"}]}}